Component_Type,Component_Grade,Total_Units,Avg_SoH_Percent,Avg_Capacity_Ah,Avg_IR_mOhm,Total_Economic_Value_INR,Total_CO2_Avoided_kg
Flame-Retardant Cell Spacer & Insulation Shield,"Grade A (Premium Reuse, >85% SoH)",2,90.4,0.0,0.0,240,16.2
Heavy-Duty XT60 / XT90 Connector Harness,"Grade A (Premium Reuse, >85% SoH)",20,95.1,0.0,0.5,1600,136.0
LiFePO4 Prismatic Cell (3.2V / 20Ah),"Grade A (Premium Reuse, >85% SoH)",29,90.2,18.04,4.16,18850,1423.4
LiFePO4 Prismatic Cell (3.2V / 20Ah),"Grade B (Standard Reuse, 70-85% SoH)",39,78.5,15.71,4.86,25350,1837.0
LiFePO4 Prismatic Cell (3.2V / 20Ah),"Grade C (Low-Stress Buffer, 55-70% SoH)",7,67.7,13.53,5.5,4550,316.8
LiFePO4 Prismatic Cell (3.2V / 50Ah),"Grade A (Premium Reuse, >85% SoH)",30,91.5,45.77,2.08,36000,2787.2
LiFePO4 Prismatic Cell (3.2V / 50Ah),"Grade B (Standard Reuse, 70-85% SoH)",58,78.5,39.26,2.51,69600,5067.5
LiFePO4 Prismatic Cell (3.2V / 50Ah),"Grade C (Low-Stress Buffer, 55-70% SoH)",6,64.6,32.31,2.95,7200,488.8
Lithium-Ion Cylindrical Cell (18650 3.7V / 2.6Ah),"Grade A (Premium Reuse, >85% SoH)",73,89.7,2.33,21.28,4015,358.3
Lithium-Ion Cylindrical Cell (18650 3.7V / 2.6Ah),"Grade B (Standard Reuse, 70-85% SoH)",143,78.9,2.05,24.78,7865,667.6
Lithium-Ion Cylindrical Cell (18650 3.7V / 2.6Ah),"Grade C (Low-Stress Buffer, 55-70% SoH)",25,67.3,1.75,28.83,1375,110.3
Modular BMS Protection Board (10S 30A e-Bike),"Grade A (Premium Reuse, >85% SoH)",36,91.5,0.0,19.85,21600,1152.0
Modular BMS Protection Board (10S 30A e-Bike),"Grade B (Standard Reuse, 70-85% SoH)",2,82.5,0.0,18.25,1200,64.0
Modular BMS Protection Board (16S 100A Smart CAN),"Grade A (Premium Reuse, >85% SoH)",32,90.6,0.0,8.07,57600,2896.0
Modular BMS Protection Board (16S 100A Smart CAN),"Grade B (Standard Reuse, 70-85% SoH)",1,84.9,0.0,8.8,1800,90.5
Modular BMS Protection Board (3S 25A Compact),"Grade A (Premium Reuse, >85% SoH)",31,92.6,0.0,24.65,9300,573.5
Modular BMS Protection Board (3S 25A Compact),"Grade B (Standard Reuse, 70-85% SoH)",5,82.4,0.0,25.72,1500,92.5
Modular BMS Protection Board (4S 40A Balancer),"Grade A (Premium Reuse, >85% SoH)",39,92.4,0.0,14.84,17550,897.0
Modular BMS Protection Board (4S 40A Balancer),"Grade B (Standard Reuse, 70-85% SoH)",2,82.8,0.0,15.15,900,46.0
Modular Extruded Aluminum Enclosure & Frame,"Grade A (Premium Reuse, >85% SoH)",15,95.8,0.0,0.0,5250,378.8
NMC Pouch Cell (3.7V / 15Ah),"Grade A (Premium Reuse, >85% SoH)",31,89.7,13.45,5.01,15500,1191.4
NMC Pouch Cell (3.7V / 15Ah),"Grade B (Standard Reuse, 70-85% SoH)",41,79.0,11.85,5.8,20500,1520.0
NMC Pouch Cell (3.7V / 15Ah),"Grade C (Low-Stress Buffer, 55-70% SoH)",3,68.2,10.23,6.67,1500,107.1
NTC Thermistor Temperature Sensor Probe (10k),"Grade A (Premium Reuse, >85% SoH)",28,94.8,0.0,0.0,1120,152.6
Nickel-Plated Copper Busbar Interconnect Link,"Grade A (Premium Reuse, >85% SoH)",19,94.5,0.0,0.2,950,86.4
Power Tool High-Drain Cell (18650 3.6V / 2.0Ah),"Grade A (Premium Reuse, >85% SoH)",34,90.9,1.82,13.9,3060,190.2
Power Tool High-Drain Cell (18650 3.6V / 2.0Ah),"Grade B (Standard Reuse, 70-85% SoH)",44,79.7,1.59,16.4,3960,237.8
Power Tool High-Drain Cell (18650 3.6V / 2.0Ah),"Grade C (Low-Stress Buffer, 55-70% SoH)",5,67.3,1.35,18.3,450,26.0
