application,criticality,min_health,min_energy_wh,min_voltage_v,max_voltage_v,power_req_w,backup_hours,min_capacity_ah,accepted_eligibility,preferred_battery_types,allocation_quota,derated_accepted,post_repair_accepted,max_ir_mohm,max_cycles,application_description
Healthcare Clinic Backup,5,82.0,55.0,11.1,37.5,30.0,4.0,5.0,Eligible (Direct),Li-ion 18650 Pack (4S);LiFePO4 (LFP) Module (4S);NMC Light-EV Pack (10S),96,0,0,100.0,800,Critical life-support and diagnostic equipment at rural clinics. Requires highest reliability — only pristine direct-reuse batteries accepted. No repaired or derated units.
Emergency Disaster Shelter,4,76.0,45.0,11.1,37.5,25.0,4.0,4.0,Eligible (Direct);Eligible (Post-Repair),Li-ion 18650 Pack (4S);LiFePO4 (LFP) Module (4S);NMC Light-EV Pack (10S);Power Tool Li-ion Pack (5S),80,0,1,120.0,1000,"Emergency lighting, communication, and water pump power for disaster relief shelters. Accepts post-repair batteries that pass re-test. Critical reliability still required."
Telecom Cell Tower Backup,4,72.0,40.0,11.1,19.0,22.0,5.0,3.5,Eligible (Direct);Eligible (Post-Repair),Li-ion 18650 Pack (3S);Li-ion 18650 Pack (4S);LiFePO4 (LFP) Module (4S);Power Tool Li-ion Pack (5S),35,0,1,130.0,1200,Rural telecom tower DC backup power (48V rack built from multiple battery modules). Requires stable voltage in 11-19V range for DC-DC converter input. No high-voltage NMC packs.
Community Solar Microgrid,3,66.0,35.0,7.4,37.5,18.0,5.0,3.0,Eligible (Direct);Eligible (Post-Repair);Eligible (Limited Use - Derated),NMC Light-EV Pack (10S);Li-ion 18650 Pack (4S);LiFePO4 (LFP) Module (4S);Power Tool Li-ion Pack (5S),98,1,1,160.0,1500,Village-level solar energy storage microgrid shared by 10-30 households. Battery management system handles string balancing. Derated and repaired batteries are acceptable with BMS protection.
Rural School Lighting & Labs,3,62.0,28.0,7.4,19.0,14.0,3.5,2.5,Eligible (Direct);Eligible (Post-Repair);Eligible (Limited Use - Derated),Li-ion 18650 Pack (3S);Li-ion 18650 Pack (4S);LiFePO4 (LFP) Module (4S);Power Tool Li-ion Pack (5S);Prismatic Li-ion Module (2S),60,1,1,170.0,1600,"LED lighting and basic lab equipment (computers, projectors) at off-grid rural schools. Moderate health requirement. Accepts derated and post-repair batteries with BMS monitoring."
Rural Off-Grid Household,2,52.0,20.0,3.5,19.0,12.0,4.0,2.0,Eligible (Direct);Eligible (Post-Repair);Eligible (Limited Use - Derated);Eligible (Limited Use),Prismatic Li-ion Module (2S);Li-ion 18650 Pack (3S);Li-ion 18650 Pack (4S);Power Tool Li-ion Pack (5S),53,1,1,190.0,2000,"Single household lighting, phone charging, and small appliance power. Low criticality — accepts most eligible battery tiers with user-visible SoH indicator. Good for Prismatic and 3S packs."
Agricultural Irrigation Pump,3,65.0,80.0,14.8,37.5,45.0,3.0,4.5,Eligible (Direct);Eligible (Post-Repair),NMC Light-EV Pack (10S);Li-ion 18650 Pack (4S),55,0,1,140.0,1000,DC motor-driven drip irrigation pump for small farms. Requires higher voltage (>14V) and moderate energy (>80Wh) per battery unit. NMC 10S packs are ideal; 4S Li-ion also acceptable.
EV Two-Wheeler Range Extension,3,70.0,90.0,28.0,37.5,60.0,2.5,4.0,Eligible (Direct),NMC Light-EV Pack (10S),40,0,0,380.0,700,"Auxiliary range extension battery module for electric two-wheelers (e-scooters, e-cycles). Requires high voltage NMC 10S packs only. Only pristine, direct-reuse batteries acceptable due to traction safety requirements."
Secondary Micro-Reserve Buffer,1,38.0,10.0,3.2,19.0,8.0,2.0,1.0,Eligible (Direct);Eligible (Post-Repair);Eligible (Limited Use - Derated);Eligible (Limited Use),Prismatic Li-ion Module (2S);Li-ion 18650 Pack (3S);Power Tool Li-ion Pack (5S),8,1,1,220.0,2500,"Lowest-priority short-term buffer for non-critical loads (LED night lights, IoT sensor nodes, alarm beepers). Accepts any eligible battery regardless of age or repair status. Final stage before recycling."
